maker,model_name,displacement_cc,front_sprocket,rear_sprocket,chain_links,chain_pitch,rear_tire_size
トライアンフ,Bonneville Bobber,1200,17,37,108,525,150/80-16
トライアンフ,Bonneville Bobber Icon Edition,1200,17,37,108,525,150/80R16
トライアンフ,Bonneville Bobber Stealth Edition,1200,17,37,108,525,150/80R16
トライアンフ,Bonneville Speedmaster,1200,17,37,108,525,150/80R16
トライアンフ,Bonneville Speedmaster Icon Edition,1200,17,37,108,525,150/80R16
トライアンフ,Bonneville Speedmaster Stealth Edition,1200,17,37,108,525,150/80R16
トライアンフ,Bonneville T120 Icon Edition,1200,17,37,100,525,150/70R17
トライアンフ,Bonneville T120,1200,17,37,100,525,150/70R17
トライアンフ,Bonneville T120 Stealth Edition,1200,17,37,100,525,150/70R17
トライアンフ,Bonneville T120 BLACK Stealth Edition,1200,17,37,100,525,150/70R17
トライアンフ,Bonneville T120 BLACK,1200,17,37,100,525,150/70R17
トライアンフ,Scrambler 1200 X,1197,16,44,110,525,150/70R17
トライアンフ,Scrambler 1200 X Icon Edition,1197,16,44,110,525,150/70R17
トライアンフ,Scrambler 1200 XE Icon Edition,1197,16,44,114,525,150/70R17
トライアンフ,Scrambler 1200 XE,1197,16,44,114,525,150/70R17
トライアンフ,Speed Twin 1200,1197,16,42,102,525,160/60ZR17
トライアンフ,Speed Twin 1200 Stealth Edition,1200,16,42,102,525,160/60ZR17
トライアンフ,Speed Twin,1200,16,42,102,525,160/60ZR17
トライアンフ,Speed Twin 1200 Cafe Racer Edition,1197,16,42,102,525,160/60ZR17
トライアンフ,Speed Twin 1200RS,1197,16,42,102,525,160/60ZR17
トライアンフ,Bonneville T120 BUD EKINS Special Edition,1200,17,37,100,525,150/70R17
トライアンフ,Scrambler 1200 BOND EDITION,1197,16,44,114,525,150/70R17
トライアンフ,Scrambler 1200 Steve McQueen edition,1197,16,44,114,525,150/70R17
トライアンフ,Scrambler 1200 XC,1197,16,44,110,525,150/70R17
トライアンフ,Thruxton 1200,1200,16,42,100,525,160/60ZR17
トライアンフ,Thruxton 1200R,1200,16,42,100,525,160/60ZR17
トライアンフ,Thruxton 1200RS Final Edition,1200,16,42,100,520,160/60ZR17
トライアンフ,Thruxton 1200RS,1200,16,42,100,520,160/60ZR17
トライアンフ,Speed Triple 1200RS,1160,17,44,118,525,190/55ZR17
トライアンフ,Speed Triple 1200RX,1160,17,44,118,525,190/55ZR17
トライアンフ,Speed Triple 1200RR,1158,17,44,118,525,190/55ZR17
トライアンフ,Speed Triple 1200RR BREITLING Limited Edition,1158,17,44,118,525,190/55ZR17
トライアンフ,Speed Triple R,1050,18,43,108,530,190/55ZR17
トライアンフ,Speed Triple R94,1050,18,43,108,530,190/55ZR17
トライアンフ,Speed Triple RS,1050,18,43,108,530,190/55ZR17
トライアンフ,Speed Triple S,1050,18,43,108,530,190/55ZR17
トライアンフ,Sprint GT,1050,19,42,116,,180/55ZR17
トライアンフ,Sprint ST ABS,1050,19,42,106,,180/55ZR17
トライアンフ,Sprint ST,1050,19,42,106,,180/55ZR17
スズキ,GSX250R,248,14,46,116,520,140/70-17
スズキ,GSX250R ABS,248,14,46,116,520,140/70-17
スズキ,RM-Z250,249,13,50,114,520,100/90-19
スズキ,V-Strom 250,248,14,47,116,520,140/70-17
スズキ,V-Strom 250 ABS,248,14,47,116,520,140/70-17
スズキ,250SB,249,14,39,104,520,130/70-17
スズキ,ACROSS,248,13,49,110,520,140/70-17
スズキ,BANDIT 250VZ,248,13,47,114,520,150/60R17
スズキ,BANDIT 250V,248,13,47,114,520,150/60R17
スズキ,BANDIT 250,248,13,47,116,520,150/60R17
スズキ,BANDIT 250LTD,248,13,49,116,520,140/70-17
スズキ,COBRA,248,14,48,112,520,140/60R18
スズキ,DF200E,199,15,45,112,520,100/90-18
スズキ,DJEBEL 200,199,15,45,112,520,100/90-18
スズキ,DJEBEL 200 GW Sports,199,15,45,112,520,100/90-18
スズキ,DJEBEL 250 GPS,249,14,42,108,520,4.60-18
スズキ,DJEBEL 250 XC,249,14,42,108,520,4.60-18
スズキ,DR250R,249,14,42,108,520,4.60-18
スズキ,DR250S,249,13,49,112,520,4.60-17
スズキ,GF250S,249,13,48,108,520,110/80-18
スズキ,GOOSE 250,249,14,44,106,520,130/70-17
スズキ,Grasstracker,249,15,41,100,520,120/80-17
スズキ,Grasstracker BIGBOY,249,15,43,108,520,130/80-18
スズキ,Grasstracker BIGBOY 10周年記念モデル,249,15,43,108,520,130/80-18
スズキ,GSR250,248,14,46,116,520,140/70-17
スズキ,GSR250F,248,14,46,116,520,140/70-17
スズキ,GSR250S,248,14,46,116,520,140/70-17
スズキ,GSX-R250,248,13,47,108,520,130/70-17
スズキ,GSX-R250 SP,248,13,47,108,520,130/70-17
スズキ,GSX-R250R SP,248,14,48,114,520,140/60R18
スズキ,GSX-R250R,248,14,48,114,520,140/60R18
スズキ,GSX150 BANDIT,,15,45,122,428,130/70-17
スズキ,GSX250FX,249,14,48,112,520,140/70-17
スズキ,GSX250S KATANA,248,13,49,116,520,140/70-17
スズキ,GT185,184,14,38,102,520,3.00-18
スズキ,INTRUDER LC250,248,15,43,114,520,150/80-15
スズキ,RG200Γ,195,14,36,106,520,130/70R17
スズキ,RG250Γ,247,14,37,110,520,110/90-18
スズキ,RGV-Γ250SP,249,14,46,114,520,150/60R17
スズキ,RGV250Γ,249,14,46,114,520,140/60R18
スズキ,RH250,249,13,47,112,520,130/80-17
スズキ,RMX250S,249,15,46,112,520,4.60-18
スズキ,ST250 E-Type,249,15,43,108,520,110/90-18
スズキ,ST250,249,15,43,108,520,110/90-18
スズキ,ST250 E-Type Sカスタマイズ,249,15,43,108,520,110/90-18
スズキ,ST250 E-Type Cカスタマイズ,249,15,43,108,520,110/90-18
スズキ,SX200R,199,15,45,112,520,110/80-18
スズキ,VanVan 200,199,15,46,110,520,180/80-14
スズキ,VanVan 200Z,199,15,46,110,520,180/80-14
スズキ,VOLTY,249,15,41,100,520,120/80-17
スズキ,VOLTY Type 1,249,15,41,100,520,120/80-17
スズキ,WOLF 250,219,14,46,114,520,140/60R18
スズキ,DR-Z4S,398,15,43,112,520,120/80-18
スズキ,DR-Z4SM,398,15,41,110,520,140/70R17
スズキ,BANDIT 400VZ,398,14,44,112,525,150/60R17
スズキ,BANDIT 400V,398,14,44,112,525,150/60R17
スズキ,BANDIT 400,398,14,44,112,525,150/60R17
スズキ,BANDIT 400LTD V,398,14,46,114,525,150/70-17
スズキ,Desperado 400,399,15,50,118,520,150/90-15
スズキ,Desperado 400X,399,15,50,118,520,150/90-15
スズキ,Desperado winder,399,15,50,118,520,150/90-15
スズキ,DR-Z400,398,15,43,110,520,120/90-18
スズキ,DR-Z400S,398,15,43,110,520,120/90-18
スズキ,DR-Z400SM,398,15,41,110,520,140/70R17
スズキ,DR-Z400SMZ,398,15,41,110,520,140/70R17
スズキ,GLADIUS 400 ABS,399,15,44,112,520,160/60R17
スズキ,GOOSE 350,348,14,36,102,520,140/70-17
スズキ,GSR400 ABS,398,14,47,112,520,180/55ZR17
スズキ,GSR400,398,14,47,112,520,180/55ZR17
スズキ,GSX-R400 SP,398,14,45,110,525,140/60R18
スズキ,GSX-R400,398,14,45,110,525,140/60R18
スズキ,GSX-R,398,14,46,112,525,140/80-17
スズキ,GSX-R400R,398,14,44,108,525,160/60R17
スズキ,GSX-R400R SPⅡ,398,14,44,108,525,160/60R17
スズキ,GSX-R400R SP,398,14,45,108,525,140/60R18
スズキ,GSX400 IMPULSE Special Edition,399,14,48,116,525,140/70-17
スズキ,GSX400 IMPULSE,399,14,48,116,525,140/70-17
スズキ,GSX400 IMPULSE Type S,399,14,48,116,525,140/70-17
スズキ,GSX400F,398,15,43,104,530,3.75-18
スズキ,GSX400FS IMPULSE,399,15,43,104,530,3.75-18
スズキ,GSX400S KATANA,399,14,50,116,525,140/70-17
スズキ,GSX400X IMPULSE,398,14,46,110,525,130/80-17
スズキ,GSX400XS IMPULSE,398,14,46,110,525,130/80-17
スズキ,GT380,371,14,42,104,530,3.50-18
スズキ,INAZUMA 400,399,14,49,114,520,170/60ZR17
スズキ,RF400RV,398,14,49,110,525,160/60R17
スズキ,RF400R,398,14,49,110,525,160/60R17
スズキ,RG400Γ,397,15,41,106,525,120/90-17
スズキ,SV400,399,15,45,108,520,160/60ZR17
スズキ,SV400S,399,15,45,108,520,160/60ZR17
スズキ,TEMPTER 400,396,15,45,110,520,130/80-17
スズキ,RM-Z450,449,13,50,114,520,110/90-19
スズキ,BANDIT 650,656,15,47,112,530,160/60ZR17
スズキ,BANDIT 650S,656,15,47,112,530,160/60ZR17
スズキ,DR650SE,644,15,41,110,525,120/90-17
スズキ,GLADIUS 650 ABS,645,15,46,112,520,160/60ZR17
スズキ,GLADIUS 650,645,15,46,112,520,160/60ZR17
スズキ,GSF750,749,15,43,108,530,150/70ZR17
スズキ,GSR600 ABS,599,16,48,114,525,180/55ZR17
スズキ,GSR600,599,16,48,114,525,180/55ZR17
スズキ,GSR750 ABS,749,17,42,112,525,180/55ZR17
スズキ,GSR750,749,17,42,112,525,180/55ZR17
スズキ,GSX-R600,599,16,43,114,525,180/55ZR17
スズキ,GSX-R750,749,17,45,116,525,180/55ZR17
スズキ,GSX-R750 20th Anniversary Model,749,17,43,110,525,180/55ZR17
スズキ,GSX-S750 ABS,749,17,43,114,525,180/55ZR17
スズキ,GSX750E,747,14,43,114,530,4.00-18
スズキ,GSX750S KATANA,747,16,43,110,530,4.00-18
スズキ,GT550 Disk,543,16,40,108,530,4.00-18
スズキ,GT750,738,16,43,108,530,4.00-18
スズキ,SV650 ABS,645,15,46,112,520,160/60ZR17
スズキ,SV650,645,15,45,110,525,160/60ZR17
スズキ,SV650S ABS,645,15,45,114,525,160/60ZR17
スズキ,SV650S,645,15,45,108,525,160/60ZR17
スズキ,SV650X ABS,645,15,46,112,520,160/60ZR17
スズキ,V-Strom 650 ABS,645,15,47,118,525,150/70R17
スズキ,V-Strom 650,645,15,47,118,525,150/70R17
スズキ,V-Strom 650XT ABS,645,15,47,118,525,150/70R17
スズキ,XF650 FREEWIND,644,15,43,110,525,130/80-17
スズキ,GSX-8T,,17,47,118,525,180/55ZR17
スズキ,GSX-8TT,,17,47,118,525,180/55ZR17
スズキ,GSX-R1000R ABS,999,17,45,120,525,190/55ZR17
スズキ,GSX-R1000R,999,17,45,120,525,190/55ZR17
スズキ,GSX-R1000,999,17,45,120,525,190/55ZR17
スズキ,GSX-R1000 ABS,999,17,45,120,525,190/55ZR17
スズキ,GSX-R1000 25th Anniversary Model,999,17,42,114,530,190/50ZR17
スズキ,GSX-S1000 ABS,998,17,44,116,525,190/50ZR17
スズキ,GSX-S1000 ABS PHANTOM,998,17,44,116,525,190/50ZR17
スズキ,Desperado 800,805,15,48,116,530,150/90-15
スズキ,Desperado 800X,805,15,48,116,530,150/90-15
スズキ,GSX-S1000F ABS,998,17,44,116,525,190/50ZR17
スズキ,GSX-S1000F ABS PHANTOM,998,17,44,116,525,190/50ZR17
スズキ,SV1000,995,17,39,110,525,180/55ZR17
スズキ,SV1000S,995,17,39,110,525,180/55ZR17
スズキ,TL1000R,995,17,39,104,530,190/50ZR17
スズキ,TL1000S,995,17,39,104,530,190/50ZR17
スズキ,HAYABUSA,1340,18,43,114,530,190/50ZR17
スズキ,隼（HAYABUSA）,1339,18,43,114,530,190/50ZR17
スズキ,HAYABUSA 1300,1340,18,43,114,530,190/50ZR17
スズキ,GSX1300R HAYABUSA,1298,17,40,112,530,190/50ZR17
スズキ,B-KING ABS,1340,18,43,118,530,200/50ZR17
スズキ,B-KING,1340,18,43,118,530,200/50ZR17
スズキ,BANDIT 1200 ABS 油冷ファイナルエディション,1156,15,45,116,530,180/55ZR17
スズキ,BANDIT 1200,1156,15,45,116,530,180/55ZR17
スズキ,BANDIT 1200S ABS 油冷ファイナルエディション,1156,15,45,116,530,180/55ZR17
スズキ,BANDIT 1200S,1156,15,45,116,530,180/55ZR17
スズキ,BANDIT 1250 ABS,1254,18,41,116,530,180/55ZR17
スズキ,BANDIT 1250F ABS,1254,18,41,116,530,180/55ZR17
スズキ,BANDIT 1250S ABS,1254,18,41,116,530,180/55ZR17
スズキ,BANDIT 1250S ABS 特別仕様車,1254,18,41,116,530,180/55ZR17
スズキ,GS1200SS,1156,15,45,112,530,170/60ZR17
スズキ,GSF1200,1156,15,45,110,530,180/55ZR17
スズキ,GSF1200S,1156,15,45,110,530,180/88ZR17
スズキ,GSX-R1100W,1074,16,44,116,532,180/55ZR17
スズキ,GSX-R1100,1127,15,48,118,532,180/55ZR17
スズキ,GSX1100S KATANA Final Edition,1074,15,42,96,630,4.50-17
スズキ,GSX1100S KATANA,1074,15,42,96,630,4.50-17
スズキ,GSX1400 Special Edition,1401,18,41,116,530,190/50ZR17
スズキ,GSX1400,1401,18,41,116,530,190/50ZR17
スズキ,GSX1400Z,1401,18,41,116,530,190/50ZR17
スズキ,INAZUMA 1200,1156,15,44,112,530,170/60ZR17
スズキ,V-Strom 1000 ABS,1036,17,42,116,525,150/70R17
スズキ,V-Strom 1000,996,17,41,112,525,150/70R17
スズキ,V-Strom 1000XT ABS,1036,17,42,116,525,150/70R17
ヤマハ,MT-25 Touring,249,14,43,112,520,140/70-17
ヤマハ,MT-25 ABS,249,14,43,112,520,140/70-17
ヤマハ,MT-25,249,14,43,112,520,140/70-17
ヤマハ,YZ250,249,14,50,114,520,110/90-19
ヤマハ,YZ250F Monster Energy Yamaha Racing Edition,249,13,50,114,520,100/90-19
ヤマハ,YZ250F,249,13,50,114,520,100/90-19
ヤマハ,YZ250F 60th Anniversary,249,13,50,114,520,100/90-19
ヤマハ,YZ250F Special Edition,249,13,51,114,520,100/90-19
ヤマハ,YZ250F White Edition,249,13,51,114,520,100/90-19
ヤマハ,YZ250F White Limited Edition,249,13,51,114,520,100/90-19
ヤマハ,YZ250F 50th Anniversary,249,13,49,112,520,110/90-19
ヤマハ,YZ250FX,249,13,51,114,520,110/100-18
ヤマハ,YZ250X,249,14,50,114,520,110/100-18
ヤマハ,YZF-R15 ABS,155,14,48,128,428,140/70-17
ヤマハ,YZF-R25 ABS,249,14,43,112,520,140/70-17
ヤマハ,YZF-R25 70th Anniversary Edition ABS,249,14,43,112,520,140/70-17
ヤマハ,YZF-R25 ABS WGP 60th Anniversary,249,14,43,112,520,140/70-17
ヤマハ,YZF-R25,249,14,43,112,520,140/70-17
ヤマハ,YZF-R25 ABS Monster Energy Yamaha MotoGP Edition,249,14,43,112,520,140/70-17
ヤマハ,YZF-R25 Movistar Yamaha MotoGP Edition,249,14,43,112,520,140/70-17
ヤマハ,BRONCO,223,15,45,120,428,120/80-18
ヤマハ,DragStar 250,248,20,56,146,428,130/90-15
ヤマハ,DragStar 250 CLASSIC EDITION,248,20,56,146,428,130/90-15
ヤマハ,DragStar 250 10th Anniversary Special Edition,248,20,56,146,428,130/90-15
ヤマハ,DT200R,195,13,41,100,520,4.60-18
ヤマハ,DT200WR,199,13,42,110,520,4.60-18
ヤマハ,DT230 LANZA,224,16,55,132,428,4.60-18
ヤマハ,DT250,246,15,44,102,520,4.00-18
ヤマハ,FZ250 PHAZER,249,17,52,124,428,120/80-16
ヤマハ,FZ250 PHAZER 1周年特別限定車,249,17,52,124,428,120/80-16
ヤマハ,FZR250,249,17,55,130,428,120/80-17
ヤマハ,FZR250R,249,17,56,130,428,130/70-17
ヤマハ,R1-Z,249,14,45,114,520,140/70R17
ヤマハ,Renaissa,248,15,45,106,520,110/90-18
ヤマハ,RZ250 YSP仕様,247,16,41,102,530,3.50-18
ヤマハ,RZ250,247,16,41,102,530,3.50-18
ヤマハ,RZ250R,247,16,41,108,520,120/80-17
ヤマハ,RZ250RR,247,16,41,108,520,110/80-18
ヤマハ,SDR,195,16,43,132,428,110/80-17
ヤマハ,SEROW 225WE,223,15,45,120,428,120/80-18
ヤマハ,SEROW 225W,223,15,45,120,428,120/80-18
ヤマハ,SEROW 225W Limited Edition,223,15,45,120,428,120/80-18
ヤマハ,SEROW 225,223,15,45,120,428,120/80-18
ヤマハ,SEROW 225S,223,15,45,120,428,120/80-18
ヤマハ,SEROW 250 FINAL EDITION,249,15,48,128,428,120/80-18
ヤマハ,TOURING SEROW,249,15,48,128,428,120/80-18
ヤマハ,SEROW 250,249,15,48,128,428,120/80-18
ヤマハ,SRV250S,248,15,45,106,520,110/90-18
ヤマハ,SRV250,248,15,45,106,520,110/90-18
ヤマハ,SRX250,249,17,50,130,428,110/80-17
ヤマハ,SRX250 丸型ヘッドランプタイプ,249,14,43,106,520,100/90-18
ヤマハ,SRX250F,249,14,43,106,520,100/90-18
ヤマハ,TDR250,249,14,46,108,520,120/80-17
ヤマハ,tricker XG250,249,15,45,124,428,120/90-16
ヤマハ,tricker XG250 TY-S外装キット,249,15,45,124,428,120/90-16
ヤマハ,tricker XG250 S,249,15,45,124,428,120/90-16
ヤマハ,TT-R250,249,14,44,106,520,4.60-18
ヤマハ,TT250R,249,14,44,106,520,4.60-18
ヤマハ,TT250R Raid,249,18,57,134,428,4.60-18
ヤマハ,TW200E,196,14,45,120,428,180/80-14
ヤマハ,TW200,196,14,45,120,428,180/80-14
ヤマハ,TW225E 20th Anniversary Special Edition,223,15,45,120,428,180/80-14
ヤマハ,TW225E,223,15,45,120,428,180/80-14
ヤマハ,TY250Z SCOTTISH,249,10,39,98,520,4.00-18
ヤマハ,TZR250SPR,249,14,37,110,520,150/60R17
ヤマハ,TZR250R SP,249,14,37,110,520,150/60R17
ヤマハ,TZR250R,249,14,37,110,520,150/60R17
ヤマハ,TZR250RS,249,14,37,110,520,150/60R17
ヤマハ,TZR250SP,249,14,43,112,520,150/60R18
ヤマハ,TZR250,249,14,43,112,520,140/60R18
ヤマハ,TZR250 マールボロ特別仕様,249,14,41,110,520,120/80-17
ヤマハ,WR250R,249,13,43,108,520,120/80-18
ヤマハ,WR250X,249,13,42,108,520,140/70R17
ヤマハ,XS250S,249,15,38,100,530,4.10-18
ヤマハ,XT250X,249,15,46,128,428,130/70-17
ヤマハ,XV250 Virago プルバックハンドル仕様,248,16,45,114,520,130/90-15
ヤマハ,XV250S Virago プルバックハンドル仕様,248,16,45,114,520,130/90-15
ヤマハ,XV250S Virago フラットハンドル仕様,248,16,45,114,520,130/90-15
ヤマハ,XV250 Virago フラットハンドル仕様,248,16,45,114,520,130/90-15
ヤマハ,XV250 Virago Special プルバックハンドル仕様,248,16,45,114,520,130/90-15
ヤマハ,XV250 Virago Special フラットハンドル仕様,248,16,45,114,520,130/90-15
ヤマハ,ZeaL,249,17,57,130,428,140/70-17
ヤマハ,MT-03 Touring,321,14,43,112,520,140/70R17
ヤマハ,MT-03 ABS,321,14,43,112,520,140/70R17
ヤマハ,MT-03,320,14,43,112,520,140/70-17
ヤマハ,YZF-R3 ABS,321,14,43,112,520,140/70R17
ヤマハ,YZF-R3 70th Anniversary Edition ABS,321,14,43,112,520,140/70R17
ヤマハ,YZF-R3 ABS WGP 60th Anniversary,320,14,43,112,520,140/70R17
ヤマハ,YZF-R3 ABS Monster Energy Yamaha MotoGP Edition,320,14,43,112,520,140/70R17
ヤマハ,YZF-R3 ABS Movistar Yamaha MotoGP Edition,320,14,43,112,520,140/70-17
ヤマハ,Artesia,399,15,45,110,520,120/90-17
ヤマハ,Diversion 400,398,15,46,108,520,130/70-18
ヤマハ,FZ400,399,14,47,110,520,160/60R17
ヤマハ,FZ400N,399,16,45,104,520,120/80-18
ヤマハ,FZ400R,399,16,46,104,520,120/80-18
ヤマハ,FZR400,399,15,44,104,525,140/60R18
ヤマハ,FZR400R,399,19,55,130,428,140/60R18
ヤマハ,FZR400RR SP,399,19,52,128,428,160/60ZR17
ヤマハ,FZR400RR,399,19,55,130,428,160/60R17
ヤマハ,RZ350,347,16,39,106,530,3.50-18
ヤマハ,RZ350R,347,17,40,106,520,110/80-18
ヤマハ,RZ350RR,347,17,40,106,520,110/80-18
ヤマハ,SR400 Final Edition Limited,399,19,56,130,428,110/90-18
ヤマハ,SR400 Final Edition,399,19,56,130,428,110/90-18
ヤマハ,SR400 40th Anniversary Edition,399,19,56,130,428,110/90-18
ヤマハ,SR400,399,19,56,130,428,110/90-18
ヤマハ,SR400 60th Anniversary,399,19,56,130,428,110/90-18
ヤマハ,SR400 35th Anniversary Edition,399,19,56,130,428,110/90-18
ヤマハ,SR400 30th Anniversary Limited Edition,399,19,56,130,428,110/90-18
ヤマハ,SR400 50th Anniversary Special Edition,399,19,56,130,428,110/90-18
ヤマハ,SR400 25th Anniversary Limited Edition,399,19,56,130,428,110/90-18
ヤマハ,SR400 20周年記念モデル,399,19,56,130,428,4.00-18
ヤマハ,SR400S Limited Edition,399,19,56,130,428,4.00-18
ヤマハ,SR400S,399,19,56,130,428,4.00-18
ヤマハ,SR400 発売7周年記念モデル,399,16,47,106,530,4.00-18
ヤマハ,SR400SP,399,16,47,106,530,4.00-18
ヤマハ,SRX400,399,17,50,138,428,140/70R17
ヤマハ,XJ400Z-E,399,16,46,104,530,110/90-18
ヤマハ,XJ400Z-S,399,16,46,104,530,110/90-18
ヤマハ,XJ400Z,399,16,46,104,530,110/90-18
ヤマハ,XJR400,399,15,45,110,520,150/70-17
ヤマハ,XJR400S,399,15,45,110,520,150/70-17
ヤマハ,XJR400R,399,15,45,110,520,150/70ZR17
ヤマハ,XJR400RⅡ,399,15,45,110,520,150/70-17
ヤマハ,MT-07 Y-AMT,688,16,43,108,525,180/55ZR17
ヤマハ,MT-07,688,16,43,108,525,180/55ZR17
ヤマハ,MT-07 ABS,688,16,43,108,525,180/55ZR17
ヤマハ,Tenere700 Low,688,15,46,122,520,150/70R18
ヤマハ,Tenere700 ABS,688,15,46,122,520,150/70R18
ヤマハ,XSR700 ABS,688,16,43,108,525,180/55ZR17
ヤマハ,XSR700,688,16,43,108,525,180/55R17
ヤマハ,YZ450F,449,13,48,114,520,120/80-19
ヤマハ,YZ450F Special Edition,449,13,49,114,520,110/90-19
ヤマハ,YZ450F White Edition,449,13,49,114,520,110/90-19
ヤマハ,YZ450FX,449,13,50,114,520,120/90-18
ヤマハ,YZF-R7 ABS,688,16,42,108,520,180/55ZR17
ヤマハ,YZF-R7 70th Anniversary Edition ABS,688,16,42,108,520,180/55ZR17
ヤマハ,YZF-R7,688,16,42,108,525,180/55ZR17
ヤマハ,YZF-R7 ABS WGP 60th Anniversary,688,16,42,108,525,180/55ZR17
ヤマハ,YZF-R7（OW-02）,749,17,43,118,530,180/55ZR17
ヤマハ,Diversion 600,598,16,48,110,520,130/70-18
ヤマハ,FZ6 Fazer S2,599,16,46,118,530,180/55ZR17
ヤマハ,FZ6 Fazer S2 ABS,599,16,46,118,530,180/55ZR17
ヤマハ,FZ6 S2,599,16,46,118,530,180/55ZR17
ヤマハ,FZ6R,599,16,46,118,520,160/60ZR17
ヤマハ,FZ750,749,16,44,110,530,130/80R18
ヤマハ,FZR750,749,17,42,112,530,160/60R18
ヤマハ,FZR750R,749,17,42,112,530,170/60R17
ヤマハ,FZX750,749,17,43,108,530,140/90-15
ヤマハ,MT-03（660cc）,660,15,47,112,520,160/60R17
ヤマハ,MT-07 MOTO CAGE,689,16,43,108,525,180/55ZR17
ヤマハ,RZV500R,499,15,38,102,530,130/80-18
ヤマハ,SR500,499,20,55,130,428,4.00-18
ヤマハ,SR500 20周年記念モデル,499,20,55,130,428,4.00-18
ヤマハ,SR500S,499,20,55,130,428,4.00-18
ヤマハ,SR500SP,499,16,44,104,530,4.00-18
ヤマハ,SRX600,608,19,47,138,428,140/70R17
ヤマハ,SZR660,,15,39,110,520,150/60-17
ヤマハ,Tenere700 World Raid,689,15,46,122,525,150/70R18
ヤマハ,TRACER 700 GT,689,16,43,108,525,180/55ZR17
ヤマハ,TRACER 700,689,16,43,108,525,180/55ZR17
ヤマハ,WR450F,449,13,50,114,520,120/90-18
ヤマハ,XJ6 ABS,599,16,46,118,520,160/60ZR17
ヤマハ,XJ6,599,16,46,118,520,160/60ZR17
ヤマハ,XJ6 Deversion ABS,599,16,46,118,520,160/60ZR17
ヤマハ,XJ6 Deversion,599,16,46,118,520,160/60ZR17
ヤマハ,XJ6 Deversion F ABS,599,16,46,118,520,160/60ZR17
ヤマハ,XJ6 Deversion F,599,16,46,118,520,160/60ZR17
ヤマハ,XJ6N,599,16,46,118,520,160/60ZR17
ヤマハ,XT500,499,16,42,100,520,4.00-18
ヤマハ,XT600E,595,15,45,106,520,120/90-17
ヤマハ,XT600Z Tenere,595,15,45,106,520,120/80-18
ヤマハ,XT660R,660,15,45,110,520,130/80-17
ヤマハ,XT660X,660,15,45,110,520,160/60R17
ヤマハ,XT660Z Tenere ABS,660,15,45,110,520,130/80-17
ヤマハ,XT660Z Tenere,660,15,45,110,520,130/80-17
ヤマハ,XTZ750 Super Tenere,749,16,46,112,520,140/80-17
ヤマハ,YZF600R Thunder Cat,599,15,47,108,530,160/60ZR17
ヤマハ,YZF750SP,749,17,39,106,532,180/55ZR17
ヤマハ,MT-09 Y-AMT,888,16,45,110,525,180/55ZR17
ヤマハ,MT-09 ABS,888,16,45,110,525,180/55ZR17
ヤマハ,MT-09 SP ABS,888,16,45,110,525,180/55ZR17
ヤマハ,MT-09,846,16,45,110,525,180/55ZR17
ヤマハ,MT-10 SP ABS,998,16,42,114,525,190/55ZR17
ヤマハ,MT-10 ABS,998,16,42,114,525,190/55ZR17
ヤマハ,TRACER9 GT+,888,16,45,118,525,180/55ZR17
ヤマハ,TRACER9 GT ABS,888,16,45,118,525,180/55ZR17
ヤマハ,XSR900 ABS,888,16,45,110,525,180/55ZR17
ヤマハ,XSR900,845,16,45,110,525,180/55ZR17
ヤマハ,XSR900 60th Anniversary,845,16,45,110,525,180/55ZR17
ヤマハ,XSR900GP ABS,888,16,45,118,525,180/55ZR17
ヤマハ,YZF-R1 ABS,998,16,41,114,525,190/55ZR17
ヤマハ,YZF-R1 70th Anniversary Edition ABS,998,16,41,114,525,190/55ZR17
ヤマハ,YZF-R1 ABS WGP 60th Anniversary,998,16,41,114,525,190/55ZR17
ヤマハ,YZF-R1,998,16,41,114,525,190/55ZR17
ヤマハ,YZF-R1 60th Anniversary,998,16,41,114,525,190/55ZR17
ヤマハ,YZF-R1 FIATカラー,998,17,47,120,530,190/55ZR17
ヤマハ,YZF-R1M ABS,998,16,41,114,525,200/55ZR17
ヤマハ,YZF-R1M,998,16,41,114,525,200/55ZR17
ヤマハ,FAZER 8 ABS,779,16,46,121,525,180/55ZR17
ヤマハ,FAZER 8,779,16,46,121,525,180/55ZR17
ヤマハ,FZ1,998,17,45,122,530,190/50ZR17
ヤマハ,FZ1 FAZER,998,17,45,122,530,190/50ZR17
ヤマハ,FZ1 FAZER GT,998,17,45,122,530,190/50ZR17
ヤマハ,FZ8 ABS,779,16,46,121,525,180/55ZR17
ヤマハ,FZ8,779,16,46,121,525,180/55ZR17
ヤマハ,FZS1000 FAZER,998,16,44,116,530,180/55ZR17
ヤマハ,FZS1000S FAZER,998,16,44,116,530,180/55ZR17
ヤマハ,GTS1000A,1002,17,47,118,532,170/60ZR17
ヤマハ,GTS1000,1002,17,47,118,532,170/60ZR17
ヤマハ,MT-09 Sport Tracker,846,16,45,110,525,180/55ZR17
ヤマハ,MT-09 Street Rally,846,16,45,110,525,180/55ZR17
ヤマハ,MT-09 TRACER ABS,845,16,45,110,525,180/55R17
ヤマハ,NIKEN GT,888,16,47,114,525,190/55R17
ヤマハ,TDM850,849,17,42,114,525,150/70ZR17
ヤマハ,TDM900,897,16,42,118,525,160/60ZR17
ヤマハ,TDM900A,897,16,42,118,525,160/60ZR17
ヤマハ,TRACER900 GT ABS,845,16,45,110,525,180/55ZR17
ヤマハ,TRACER900 ABS,845,16,45,110,525,180/55ZR17
ヤマハ,TRX850,849,17,41,110,525,160/60ZR17
ヤマハ,YZF1000R Thunder Ace,1002,17,46,110,532,180/55ZR17
ヤマハ,FJ1100,1097,17,41,110,530,150/80-16
ヤマハ,FJ1200A,1188,17,38,110,530,150/80-16
ヤマハ,FJ1200,1188,17,38,110,530,150/80-16
ヤマハ,MT-01,1670,17,39,114,530,190/50ZR17
ヤマハ,MT-01S,1670,17,39,114,530,190/50ZR17
ヤマハ,XJR1200,1188,17,38,110,532,170/60ZR17
ヤマハ,XJR1200R,1188,17,38,110,532,170/60ZR17
ヤマハ,XJR1300,1250,17,38,110,530,180/55ZR17
ヤマハ,XJR1300 50th Anniversary Special Edition,1250,17,38,110,530,180/55ZR17
ヤマハ,XJR1300C,1251,17,38,110,530,180/55ZR17
カワサキ,KLX230,232,14,45,108,520,4.10-18
カワサキ,KLX230 DF,232,14,45,108,520,4.10-18
カワサキ,KLX230 S,232,14,45,108,520,4.10-18
カワサキ,KLX230 SHERPA,232,14,45,108,520,4.10-18
カワサキ,KLX230 SHERPA S,232,14,45,108,520,4.10-18
カワサキ,KLX230R,232,13,46,106,520,100/100-18
カワサキ,KLX230R S,232,13,46,106,520,100/100-18
カワサキ,KLX230SM,232,14,43,106,520,120/70-17
カワサキ,KX250,249,13,50,114,520,110/90-19
カワサキ,KX250 50th Anniversary Edition,249,13,50,114,520,110/90-19
カワサキ,KX250X,249,13,50,114,520,110/100-18
カワサキ,MEGURO S1,232,14,38,100,520,110/90-17
カワサキ,Ninja 250,248,14,41,106,520,140/70-17
カワサキ,Ninja 250 KRT Edition,248,14,41,106,520,140/70-17
カワサキ,Ninja 250 ABS KRT Winter Test Edition,248,14,44,108,520,150/60R17
カワサキ,Ninja 250 ABS Special Edition,248,14,44,108,520,140/70-17
カワサキ,Ninja 250 ABS KRT Edition,248,14,44,108,520,140/70-17
カワサキ,Ninja 250 Special Edition,248,14,44,108,520,140/70-17
カワサキ,Ninja ZX-25R SE,249,14,50,116,520,150/60R17
カワサキ,Ninja ZX-25R SE KRT Edition,249,14,50,116,520,150/60R17
カワサキ,Ninja ZX-25RR,249,14,50,116,520,150/60R17
カワサキ,W230,232,14,38,100,520,110/90-17
カワサキ,Z250,248,14,41,106,520,140/70-17
カワサキ,Z250 ABS Special Edition,248,14,44,108,520,140/70-17
カワサキ,Z250 ABS,248,14,44,108,520,140/70-17
カワサキ,250SS,249,15,48,108,525,3.25-18
カワサキ,250TR,249,15,38,104,520,110/90-18
カワサキ,BALIUS,249,14,48,110,520,140/70-17
カワサキ,BALIUS Ⅱ,249,14,48,112,520,140/70-17
カワサキ,BALIUS Ⅱイモビアラームセレクション,249,14,48,112,520,140/70-17
カワサキ,D-TRACKER,249,14,39,104,520,130/70-17
カワサキ,D-TRACKER Special Packege,249,14,39,104,520,130/70-17
カワサキ,D-TRACKER X Final Edition,249,14,39,104,520,130/70-17
カワサキ,D-TRACKER X,249,14,39,104,520,130/70-17
カワサキ,ELIMINATOR 250,248,14,44,114,520,140/90-15
カワサキ,ELIMINATOR 250LX,248,14,44,114,520,140/90-15
カワサキ,ELIMINATOR 250SE,248,14,44,114,520,140/90-15
カワサキ,ELIMINATOR 250V,249,15,44,116,520,160/80-15
カワサキ,ESTRELLA Final Edition,249,15,40,104,520,110/90-17
カワサキ,ESTRELLA Special Edition,249,15,40,104,520,110/90-17
カワサキ,ESTRELLA,249,15,40,104,520,110/90-17
カワサキ,ESTRELLA RS Chrome Version,249,15,38,102,520,110/90-17
カワサキ,ESTRELLA RS,249,15,38,102,520,110/90-17
カワサキ,ESTRELLA Custom,249,15,38,102,520,110/90-17
カワサキ,ESTRELLA RS Limited edition,249,15,38,102,520,110/90-17
カワサキ,ESTRELLA Custom Limited edition,249,15,38,102,520,110/90-17
カワサキ,ESTRELLA RS Custom,249,15,38,102,520,110/90-17
カワサキ,GPX250R,248,14,45,106,520,130/80-16
カワサキ,GPZ250R,248,14,42,104,520,120/80-16
カワサキ,KDX200SR,198,14,45,110,520,100/90-19
カワサキ,KDX220R,216,13,46,106,520,100/100-18
カワサキ,KDX220SR,216,14,42,106,520,4.60-18
カワサキ,KDX250SR,249,14,45,110,520,4.60-18
カワサキ,KH250,249,14,48,108,525,3.50-18
カワサキ,KLE250 ANHELO,248,14,43,106,520,120/80-17
カワサキ,KLX250 Final Edition,249,14,42,106,520,4.60-18
カワサキ,KLX250,249,14,42,106,520,4.60-18
カワサキ,KLX250ES,249,14,42,106,520,4.60-18
カワサキ,KLX250R,249,14,50,110,520,100/100-18
カワサキ,KLX250SR,249,14,42,106,520,4.60-18
カワサキ,KMX200,191,16,50,126,428,4.60-17
カワサキ,KR-1,249,15,40,106,420,130/60R18
カワサキ,KR-1R,249,15,40,106,420,140/60R18
カワサキ,KR-1S,249,15,40,106,420,140/60R18
カワサキ,KR250,249,14,38,106,520,110/80-18
カワサキ,KR250S,249,14,38,106,520,110/80-18
カワサキ,KX250F,249,13,50,114,520,100/90-19
カワサキ,KX250F モンスターエナジー,249,13,48,112,520,100/90-19
カワサキ,Ninja 250R Special Edition,248,14,43,106,520,130/70-17
カワサキ,Ninja 250R,248,14,43,106,520,130/70-17
カワサキ,Ninja 250SL ABS KRT Edition,249,14,42,104,520,130/70-17
カワサキ,Ninja 250SL,249,14,42,104,520,130/70-17
カワサキ,Ninja ZX-25R,249,14,50,116,520,150/60R17
カワサキ,SUPER SHERPA アップフェンダー仕様,249,14,43,102,520,4.10-18
カワサキ,SUPER SHERPA,249,14,43,102,520,4.10-18
カワサキ,Versys-X 250 TOURER,248,14,46,112,520,130/80-17
カワサキ,Versys-X 250,248,14,46,112,520,130/80-17
カワサキ,Versys-X 250 ABS,248,14,46,112,520,130/80-17
カワサキ,Versys-X 250 ABS TOURER,248,14,46,112,520,130/80-17
カワサキ,Z250SL,249,14,42,104,520,130/70-17
カワサキ,ZXR250,249,14,48,110,520,140/60R18
カワサキ,ZXR250R,249,14,48,110,520,140/60R18
カワサキ,ZZR250,248,14,44,106,520,140/70-17
カワサキ,ELIMINATOR PLAZA EDITION,398,14,43,112,520,150/80-16
カワサキ,ELIMINATOR,398,14,43,112,520,150/80-16
カワサキ,ELIMINATOR SE,398,14,43,112,520,150/80-16
カワサキ,Ninja 400,398,14,41,106,520,150/60R17
カワサキ,Ninja 400 KRT Edition,398,14,41,106,520,150/60R17
カワサキ,Ninja 400 ABS Limited Edition,399,15,46,114,520,160/60ZR17
カワサキ,Ninja 400 ABS Special Edition,399,15,46,114,520,160/60ZR17
カワサキ,Ninja 400 Special Edition,399,15,46,114,520,160/60ZR17
カワサキ,Ninja ZX-4R SE,399,14,48,114,520,160/60ZR17
カワサキ,Ninja ZX-4RR,399,14,48,114,520,160/60ZR17
カワサキ,Ninja ZX-4RR KRT Edition,399,14,48,114,520,160/60ZR17
カワサキ,Ninja ZX-4RR 40th Anniversary Edition,399,14,48,114,520,160/60ZR17
カワサキ,Z400,398,14,41,106,520,150/60ZR17
カワサキ,400SS,400,14,41,104,530,3.50-18
カワサキ,ER-4n ABS,399,15,46,114,520,160/60ZR17
カワサキ,ER-4n,399,15,46,114,520,160/60ZR17
カワサキ,EX-4,398,16,42,104,520,130/70-17
カワサキ,FX400R,398,15,40,104,520,130/90-16
カワサキ,GPX400R,398,15,40,102,520,130/90-16
カワサキ,GPz400F,399,16,42,106,520,110/90-18
カワサキ,GPz400F2,399,16,42,106,520,110/90-18
カワサキ,GPZ400R,398,15,39,102,520,130/90-16
カワサキ,GPZ400R LIMITED,398,15,39,102,520,130/90-16
カワサキ,GPZ400S,398,16,42,104,520,120/90-16
カワサキ,KH400,400,14,41,104,530,3.50-18
カワサキ,KLE400,398,16,44,108,520,130/80-17
カワサキ,KLX300R,292,14,50,110,520,100/100-18
カワサキ,Ninja 400R Special Edition,399,15,46,114,520,160/60ZR17
カワサキ,Ninja 400R ABS,399,15,46,114,520,160/60ZR17
カワサキ,Ninja 400R,399,15,46,114,520,160/60ZR17
カワサキ,Ninja ZX-4R,399,14,48,114,520,160/60ZR17
カワサキ,Versys-X 300,296,14,46,112,520,130/80-17
カワサキ,VULCAN 400,399,18,62,146,428,140/90-16
カワサキ,VULCAN 400 CLASSIC,399,18,62,146,428,140/90-16
カワサキ,VULCAN 400 DRIFTER,399,18,62,144,428,140/90-16
カワサキ,VULCAN 400-Ⅱ,399,18,62,146,428,140/90-16
カワサキ,W400 ファイナルカラー,399,15,42,106,525,130/80-18
カワサキ,W400 クロームバージョン,399,15,42,106,525,130/80-18
カワサキ,W400,399,15,42,106,525,130/80-18
カワサキ,W400 追加カラー 台数限定車,399,15,42,106,525,130/80-18
カワサキ,XANTHUS,398,15,46,108,520,160/60R17
カワサキ,Z400FX,399,16,40,104,530,3.75-18
カワサキ,Z400GP,399,16,40,104,530,110/90-18
カワサキ,ZEPHYR,399,16,41,108,520,140/70-18
カワサキ,ZEPHYR X Final Edition,399,16,42,108,520,150/70ZR17
カワサキ,ZEPHYR X,399,16,42,108,520,150/70ZR17
カワサキ,ZRX,399,15,42,106,525,150/60R18
カワサキ,ZRX ARK限定車,399,15,42,106,525,150/60R18
カワサキ,ZRX-Ⅱ,399,15,42,106,525,150/60R18
カワサキ,ZX-4,398,15,44,106,520,140/60R18
カワサキ,ZXR400,398,15,45,110,520,160/60R17
カワサキ,ZXR400R,398,16,45,110,520,160/60R17
カワサキ,ZZR400,399,17,46,112,530,160/60ZR17
カワサキ,KX450,449,13,50,114,520,120/80-19
カワサキ,KX450 50th Anniversary Edition,449,13,50,114,520,120/80-19
カワサキ,KX450X,449,13,50,114,520,120/90-18
カワサキ,Ninja 500,451,14,43,108,520,150/60R17
カワサキ,Ninja 650,649,15,46,114,520,160/60ZR17
カワサキ,Ninja 650 KRT Edition,649,15,46,114,520,160/60ZR17
カワサキ,Ninja 650 ABS KRT Edition,649,15,46,114,520,160/60ZR17
カワサキ,Ninja 650 ABS,649,15,46,114,520,160/60ZR17
カワサキ,Ninja 7 Hybrid,451,14,43,122,520,160/60ZR17
カワサキ,Ninja ZX-6R,636,15,43,112,520,180/55ZR17
カワサキ,Ninja ZX-6R KRT Edition,636,15,43,112,520,180/55ZR17
カワサキ,Ninja ZX-6R 40th Anniversary Edition,636,15,43,112,520,180/55ZR17
カワサキ,Ninja ZX-6R ABS,636,15,43,112,520,180/55ZR17
カワサキ,Ninja ZX-6R ABS KRT Edition,636,16,43,112,520,180/55ZR17
カワサキ,Ninja ZX-6R Special Edition,636,16,43,112,520,180/55ZR17
カワサキ,Ninja ZX-6R ABS Special Edition,636,16,43,112,520,180/55ZR17
カワサキ,Versys 650,649,15,46,114,520,160/60ZR17
カワサキ,Versys 650 ABS,649,15,46,114,520,160/60ZR17
カワサキ,VULCAN S,649,15,46,120,520,160/60R17
カワサキ,VULCAN S ABS Special Edition,649,15,46,120,520,160/60R17
カワサキ,VULCAN S ABS,649,15,46,120,520,160/60R17
カワサキ,Z500,451,14,43,108,520,150/60R17
カワサキ,Z650,649,15,46,114,520,160/60ZR17
カワサキ,Z650 ABS,649,15,46,114,520,160/60ZR17
カワサキ,Z650RS,649,15,46,114,520,160/60ZR17
カワサキ,Z650RS 50th Anniversary,649,15,46,114,520,160/60ZR17
カワサキ,Z7 Hybrid,451,14,43,122,520,160/60ZR17
カワサキ,500SS MACHⅢ,498,14,42,104,530,4.00-18
カワサキ,750SS,748,16,47,120,530,4.00-18
カワサキ,ER-5,498,17,42,106,520,130/70-17
カワサキ,ER-6f ABS,649,15,46,114,520,160/60ZR17
カワサキ,ER-6f,649,15,46,114,520,160/60ZR17
カワサキ,ER-6n ABS,649,15,46,114,520,160/60ZR17
カワサキ,ER-6n,649,15,46,114,520,160/60ZR17
カワサキ,GPX750R,748,16,47,112,530,140/70-18
カワサキ,GPZ600R,592,15,39,102,530,130/90-16
カワサキ,KLE500,498,16,44,108,520,130/80-17
カワサキ,KLR650,,15,43,106,520,130/80-17
カワサキ,KLX450R,449,13,52,114,520,120/90-18
カワサキ,KX450F,449,13,50,114,520,120/80-19
カワサキ,Ninja 650R,649,15,46,114,520,160/60ZR17
カワサキ,Ninja ZX-6RR,599,15,43,110,520,180/55ZR17
カワサキ,Ninja ZX-7R,,16,43,110,525,190/50ZR17
カワサキ,Ninja ZX-7RR,,16,42,108,525,190/50ZR17
カワサキ,W650 ファイナルカラー ローハンドル仕様,675,15,37,104,525,130/80-18
カワサキ,W650 ファイナルカラー アップハンドル仕様,675,15,37,104,525,130/80-18
カワサキ,W650 Chrome Version ローハンドル仕様,675,15,37,104,525,130/80-18
カワサキ,W650 Chrome Version アップハンドル仕様,675,15,37,104,525,130/80-18
カワサキ,W650 ローハンドル仕様,675,15,37,104,525,130/80-18
カワサキ,W650 アップハンドル仕様,675,15,37,104,525,130/80-18
カワサキ,W650 追加カラー ローハンドル仕様,675,15,37,104,525,130/80-18
カワサキ,W650 追加カラー アップハンドル仕様,675,15,37,104,525,130/80-18
カワサキ,W650 ローシートパッケージ ローハンドル仕様,675,15,37,104,525,130/80-18
カワサキ,W650 ローシートパッケージ アップハンドル仕様,675,15,37,104,525,130/80-18
カワサキ,Z2・750RS,746,15,42,100,630,4.00-18
カワサキ,Z750 ABS,748,15,43,112,520,180/55ZR17
カワサキ,Z750,748,15,43,112,520,180/55ZR17
カワサキ,Z750Four,746,15,42,100,630,4.00-18
カワサキ,Z750FX,746,15,42,84,630,4.00-18
カワサキ,Z750GP,738,13,33,88,630,120/90-18
カワサキ,Z750R ABS,748,15,43,112,520,180/55ZR17
カワサキ,Z750R,748,15,43,112,520,180/55ZR17
カワサキ,Z750S,748,15,43,112,520,180/55ZR17
カワサキ,ZEPHYR 750,738,16,36,106,525,150/70-17
カワサキ,ZEPHYR 750RS,738,16,37,106,525,150/70-17
カワサキ,ZR-7,738,16,36,106,525,160/60ZR17
カワサキ,ZR-7S,738,16,36,106,525,160/60ZR17
カワサキ,ZXR750,749,16,44,110,530,180/55ZR17
カワサキ,ZXR750R,749,16,41,108,530,180/55ZR17
カワサキ,MEGURO K3,773,15,37,104,520,130/80-18
カワサキ,Ninja H2 SX SE,998,18,44,120,525,190/55ZR17
カワサキ,Ninja H2 SX SE+,998,18,44,120,525,190/55ZR17
カワサキ,Ninja ZX-10R KRT Edition,998,17,41,116,525,190/55ZR17
カワサキ,Ninja ZX-10R,998,17,41,116,525,190/55ZR17
カワサキ,Ninja ZX-10R 40th Anniversary Edition,998,17,41,116,525,190/55ZR17
カワサキ,Ninja ZX-10R ABS KRT Edition,998,17,39,114,525,190/55ZR17
カワサキ,Ninja ZX-10R ABS,998,17,39,114,525,190/55ZR17
カワサキ,Ninja ZX-10R ABS KRT Winter Test,998,17,39,114,525,190/55ZR17
カワサキ,Ninja ZX-10R Special Edition,998,17,39,112,525,190/55ZR17
カワサキ,Ninja ZX-10R ABS Special Edition,998,17,39,112,525,190/55ZR17
カワサキ,Ninja ZX-10RR,998,17,41,116,525,190/55ZR17
カワサキ,W800,773,15,37,104,520,130/80-18
カワサキ,W800 STREET,773,15,37,104,520,130/80-18
カワサキ,W800 CAFE,773,15,37,104,520,130/80-18
カワサキ,W800 Final Edition,773,15,37,104,520,130/80-18
カワサキ,W800 Special Edition,773,15,37,104,520,130/80-18
カワサキ,W800 Limited Edition,773,15,37,104,520,130/80-18
カワサキ,W800 Black Edition,773,15,37,104,520,130/80-18
カワサキ,W800 Chrome Edition,773,15,37,104,520,130/80-18
カワサキ,Z H2,998,18,46,118,525,190/55ZR17
カワサキ,Z H2 SE,998,18,46,118,525,190/55ZR17
カワサキ,Z900,948,15,44,114,525,180/55ZR17
カワサキ,Z900 50th Anniversary,948,15,44,114,525,180/55ZR17
カワサキ,Z900 ABS Special Edition,948,15,44,114,525,180/55ZR17
カワサキ,Z900 ABS,948,15,44,114,525,180/55ZR17
カワサキ,Z900 SE,948,15,44,114,525,180/55ZR17
カワサキ,Z900RS Black Ball Edition,948,15,43,114,525,180/55ZR17
カワサキ,Z900RS,948,15,42,114,525,180/55ZR17
カワサキ,Z900RS Yellow Ball Edition,948,15,42,114,525,180/55ZR17
カワサキ,Z900RS 50th Anniversary,948,15,42,114,525,180/55ZR17
カワサキ,Z900RS CAFE,948,15,43,114,525,180/55ZR17
カワサキ,Z900RS SE,948,15,43,114,525,180/55ZR17
カワサキ,GPZ1000RX,998,15,40,94,632,150/80R16
カワサキ,GPZ900R Ninja,908,17,48,112,530,150/70ZR18
カワサキ,Ninja 1000SX 40th Anniversary Edition,1043,15,41,112,525,190/50ZR17
カワサキ,Ninja 1000SX,1043,15,41,112,525,190/50ZR17
カワサキ,Ninja 1000,1043,15,41,112,525,190/50ZR17
カワサキ,Ninja 1000 ABS,1043,15,41,112,525,190/50ZR17
カワサキ,Z1000SX ABS,1043,15,41,112,525,190/50ZR17
カワサキ,Ninja H2 SX,998,18,44,120,525,190/55ZR17
カワサキ,Ninja H2 Carbon,998,18,44,118,525,200/55ZR17
カワサキ,Ninja H2,998,18,44,118,525,200/55ZR17
カワサキ,ZX-10,998,17,45,110,532,160/60R18
カワサキ,Ninja ZX-10R SE,998,17,39,114,525,190/55ZR17
カワサキ,Ninja ZX-9R,899,16,41,110,525,190/50ZR17
カワサキ,Versys 1000 SE,1043,15,43,116,525,180/55ZR17
カワサキ,Versys 1000,1043,15,43,116,525,180/55ZR17
カワサキ,VULCAN 800,805,16,46,114,530,140/90-16
カワサキ,VULCAN 800 CLASSIC,,17,42,112,530,140/90-16
カワサキ,VULCAN 800 DRIFTER,,17,40,112,530,140/90-16
カワサキ,Z1000,1043,15,41,112,525,190/50ZR17
カワサキ,Z1000 R Edition,1043,15,43,112,525,190/50ZR17
カワサキ,Z1000 ABS R Edition,1043,15,43,112,525,190/50ZR17
カワサキ,Z1000 ABS,1043,15,41,112,525,190/50ZR17
カワサキ,Z1000 Special Edition,1043,15,43,112,525,190/50ZR17
カワサキ,Z1000 ABS Special Edition,1043,15,43,112,525,190/50ZR17
カワサキ,Z1・900 SUPER4,903,15,35,92,630,4.00-18
カワサキ,Z800（ZR800C),806,15,45,114,520,180/55ZR17
カワサキ,Z800（ZR800A),806,15,45,114,520,180/55ZR17
カワサキ,Z800 ABS（ZR800D）,806,15,45,114,520,180/55ZR17
カワサキ,Z800 ABS（ZR800B）,806,15,45,114,520,180/55ZR17
カワサキ,Ninja 1100SX,,15,42,112,525,190/50ZR17
カワサキ,Ninja 1100SX SE,,15,42,112,525,190/50ZR17
カワサキ,Versys 1100 SE,,15,42,116,525,180/55ZR17
カワサキ,Z1100,,15,42,112,525,190/50ZR17
カワサキ,Z1100 SE,,15,42,112,525,190/50ZR17
カワサキ,GPZ1100,1052,17,43,112,530,170/60ZR17
カワサキ,GPZ1100 ABS,1052,17,43,112,530,170/60ZR17
カワサキ,Ninja ZX-11,1052,17,45,110,530,180/55ZR17
カワサキ,Ninja ZX-12R,1199,18,46,116,530,200/50ZR17
カワサキ,Ninja ZX-14,1352,17,41,116,530,190/50ZR17
カワサキ,Ninja ZX-14R High Grade,1441,17,42,118,530,190/50ZR17
カワサキ,Ninja ZX-14R,1441,17,42,118,530,190/50ZR17
カワサキ,Ninja ZX-14R ABS High Grade,1441,17,42,118,530,190/50ZR17
カワサキ,Ninja ZX-14R ABS,1441,17,42,118,530,190/50ZR17
カワサキ,Ninja ZX-14R Special Edition,1441,17,42,118,530,190/50ZR17
カワサキ,Ninja ZX-14R ABS Special Edition,1441,17,42,118,530,190/50ZR17
カワサキ,Ninja ZX-14R ABS OHLINS Edition,1441,17,42,118,530,190/50ZR17
カワサキ,ZEPHYR 1100,1062,16,45,114,530,160/70-17
カワサキ,ZEPHYR 1100 RS,1062,16,45,114,530,160/70-17
カワサキ,ZRX1100,1052,17,45,110,530,170/60ZR17
カワサキ,ZRX1100-Ⅱ,1052,17,45,110,530,170/60ZR17
カワサキ,ZRX1200,1164,17,42,110,530,180/55ZR17
カワサキ,ZRX1200 DAEG Final Edition,1164,18,44,112,525,180/55ZR17
カワサキ,ZRX1200 DAEG カワサキ正規取扱店特別仕様車,1164,18,44,112,525,180/55ZR17
カワサキ,ZRX1200 DAEG,1164,18,44,112,525,180/55ZR17
カワサキ,ZRX1200 DAEG BLACK LIMITED,1164,18,44,112,525,180/55ZR17
カワサキ,ZRX1200 DAEG Z生誕40周年記念特別仕様車,1164,18,44,112,525,180/55ZR17
カワサキ,ZRX1200R,1164,17,42,110,530,180/55ZR17
カワサキ,ZRX1200R カワサキ正規取扱店限定車,1164,17,42,110,530,180/55ZR17
カワサキ,ZRX1200R ARK限定車,1164,17,42,110,530,180/55ZR17
カワサキ,ZRX1200S,1164,17,42,110,530,180/55ZR17
カワサキ,ZZR1100,1052,17,45,110,530,180/55ZR17
カワサキ,ZZR1200,1164,17,44,112,530,180/55ZR17
カワサキ,ZZR1400 High Grade,1441,17,42,118,530,190/50ZR17
カワサキ,ZZR1400,1441,17,42,118,530,190/50ZR17
カワサキ,ZZR1400 ABS High Grade,1441,17,42,118,530,190/50ZR17
カワサキ,ZZR1400 ABS,1441,17,42,118,530,190/50ZR17
カワサキ,ZZR1400 ABS OHLINS Edition,1441,17,42,118,530,190/50ZR17
カワサキ,ZZR1400 ABS Special Edition,1441,17,42,118,530,190/50ZR17
ホンダ,CBR250RR,249,14,41,112,520,140/70R17
ホンダ,CBR250RR ABS,249,14,41,112,520,140/70R17
ホンダ,CL250 E-Clutch,249,14,37,110,520,150/70R17
ホンダ,CL250,249,14,37,110,520,150/70R17
ホンダ,CRF150R,,15,50,120,420,90/100-14
ホンダ,CRF150RⅡ,,15,56,126,420,90/100-16
ホンダ,CRF250L s,249,14,40,106,520,120/80-18
ホンダ,CRF250L,249,14,40,106,520,120/80-18
ホンダ,CRF250L Type LD,249,14,40,106,520,120/80-18
ホンダ,CRF250R,,13,49,116,520,100/90-19
ホンダ,CRF250R Black Edition,,13,49,116,520,100/90-19
ホンダ,CRF250RALLY s,249,14,40,106,520,120/80-18
ホンダ,CRF250RALLY,249,14,40,106,520,120/80-18
ホンダ,CRF250RALLY Type LD,249,14,40,106,520,120/80-18
ホンダ,CRF250RALLY Type LD ABS,249,14,40,106,520,120/80-18
ホンダ,CRF250RALLY ABS,249,14,40,106,520,120/80-18
ホンダ,REBEL 250 E-Clutch,249,14,36,110,520,150/80-16
ホンダ,REBEL 250,249,14,36,110,520,150/80-16
ホンダ,REBEL 250 ABS,249,14,36,110,520,150/80-16
ホンダ,REBEL 250 S Edition E-Clutch,249,14,36,110,520,150/80-16
ホンダ,REBEL 250 S Edition,249,14,36,110,520,150/80-16
ホンダ,AX-1,249,13,41,102,520,120/90-16
ホンダ,CB200X,,14,45,132,428,140/70-17
ホンダ,CB223S,223,13,42,110,520,130/80-18
ホンダ,CB250F ABS,249,14,36,108,520,140/70-17
ホンダ,CB250F,249,14,36,108,520,140/70-17
ホンダ,CB250F Special Edition,249,14,36,108,520,140/70-17
ホンダ,CB250R,249,14,36,108,520,150/60R17
ホンダ,CB250R ABS,249,14,36,108,520,150/60R17
ホンダ,CB250RS,248,14,44,98,520,4.10-18
ホンダ,CB250RS-Z,248,14,44,98,520,4.10-18
ホンダ,CBR250FOUR,249,14,43,108,520,130/70-17
ホンダ,CBR250R ABS,249,14,36,108,520,140/70-17
ホンダ,CBR250R,249,14,36,108,520,140/70-17
ホンダ,CBR250R ABS Special Edition,249,14,36,108,520,140/70-17
ホンダ,CD250U ダブルシート,233,14,32,98,520,3.25-17
ホンダ,CD250U シングルシート,233,14,32,98,520,3.25-17
ホンダ,CG150 TITAN,,16,43,118,428,90/90-18
ホンダ,CGX150,149,14,48,122,428,110/80-17
ホンダ,CM250T,249,15,40,104,520,4.60-16
ホンダ,CRF190L,,16,50,132,428,110/90-17
ホンダ,CRF250M,249,14,39,106,520,130/70-17
ホンダ,CRF250X,,14,53,116,520,100/100-18
ホンダ,CRM250AR,249,14,42,110,520,4.60-18
ホンダ,CRM250R,246,14,42,110,520,4.60-18
ホンダ,FTR トリコロールタイプ,223,13,42,110,520,120/90-18
ホンダ,FTR デラックスタイプ,223,13,42,110,520,120/90-18
ホンダ,FTR スタンダードタイプ,223,13,42,110,520,120/90-18
ホンダ,FTR トリコロールカラー,223,13,42,110,520,120/90-18
ホンダ,FTR スタンダードカラー,223,13,42,110,520,120/90-18
ホンダ,FTR ソリッドカラー,223,13,42,110,520,120/90-18
ホンダ,FTR モノトーンカラー,223,13,42,110,520,120/90-18
ホンダ,FTR223D,223,13,42,110,520,120/90-18
ホンダ,FTR,223,13,42,110,520,120/90-18
ホンダ,FTR250 セルフスターター仕様,249,13,42,106,520,120/90-18
ホンダ,FTR250 キック仕様,249,13,42,106,520,120/90-18
ホンダ,GB250 CLUBMAN,249,14,38,102,520,110/90-18
ホンダ,HORNET,249,14,45,110,520,180/55ZR17
ホンダ,HONET DELUXE,249,14,45,110,520,180/55ZR17
ホンダ,HORNET2.0,,14,45,132,428,140/70-17
ホンダ,JADE,249,14,42,112,520,140/70-17
ホンダ,JADE/S,249,14,42,112,520,140/70-17
ホンダ,MVX250F,249,15,40,104,520,110/80-18
ホンダ,NS250F,249,15,42,108,520,110/90-17
ホンダ,NS250R 85チャンピオン・カラー仕様,249,15,42,108,520,110/90-17
ホンダ,NS250R,249,15,42,108,520,110/90-17
ホンダ,NSR250R SP,249,15,44,110,520,150/60ZR17
ホンダ,NSR250R SE,249,15,44,110,520,150/60ZR17
ホンダ,NSR250R,249,15,44,110,520,150/60R17
ホンダ,NX200,,14,45,132,428,140/70-17
ホンダ,REBEL,233,14,33,108,520,130/90-15
ホンダ,REBEL プルバック・ハンドル,233,14,33,108,520,130/90-15
ホンダ,REBEL フラットバー・ハンドル,233,14,33,108,520,130/90-15
ホンダ,REBEL SPECIAL,233,14,33,108,520,130/90-15
ホンダ,Silk Road,248,14,51,106,520,3.50-18
ホンダ,SL230,223,13,39,100,520,120/80-18
ホンダ,TLM200R,193,13,37,94,520,4.00-18
ホンダ,TLM220R,216,13,31,102,520,4.00-18
ホンダ,TLR200,194,13,44,96,520,4.00-18
ホンダ,TLR250R,244,14,43,98,520,4.00-18
ホンダ,V-TWIN MAGNA,249,14,38,110,520,150/80-15
ホンダ,V-TWIN MAGNA S Special Edition,249,14,38,110,520,150/80-15
ホンダ,V-TWIN MAGNA S,249,14,38,110,520,150/80-15
ホンダ,VT250 SPADA,249,17,54,132,428,140/70-17
ホンダ,VT250F,249,14,45,104,520,120/80-17
ホンダ,VT250F INTEGRA,248,14,45,104,520,110/90-17
ホンダ,VT250Z,248,14,45,104,520,110/90-17
ホンダ,VTR Type LD,249,14,41,104,520,140/60R17
ホンダ,VTR Special Edition,249,14,41,104,520,140/60R17
ホンダ,VTR,249,14,41,104,520,140/60R17
ホンダ,VTR B-STYLE,249,14,41,104,520,140/70-17
ホンダ,VTR STYLE 2,249,14,41,104,520,140/70-17
ホンダ,VTR STYLE 1,249,14,41,104,520,140/70-17
ホンダ,VTR-F,249,14,41,104,520,140/60R17
ホンダ,VTZ250,249,14,41,104,520,120/80-17
ホンダ,XELVIS,249,14,43,108,520,130/80-17
ホンダ,DEGREE,249,13,44,102,520,4.60-18
ホンダ,XL DEGREE,249,13,44,102,520,4.60-18
ホンダ,XL230,223,13,40,96,520,110/90-18
ホンダ,XL250S,248,14,47,102,520,4.60-18
ホンダ,XLR200R,196,13,42,106,520,4.10-18
ホンダ,XLR250 BAJA,249,16,50,130,428,4.60-18
ホンダ,XLR250R SPECIAL,249,16,50,130,428,4.60-18
ホンダ,XLR250R,249,16,50,130,428,4.60-18
ホンダ,XR230,223,13,39,100,520,120/80-18
ホンダ,XR230MOTARD,223,13,38,100,520,130/70-17
ホンダ,XR250,249,13,40,104,520,4.60-18
ホンダ,XR250 BAJA,249,13,40,104,520,4.60-18
ホンダ,XR250MOTARD,249,13,39,104,520,130/70-17
ホンダ,XR250R,249,13,48,112,520,100/100-18
ホンダ,CBR400R,399,15,45,114,520,160/60ZR17
ホンダ,CBR400R ABS,399,15,45,114,520,160/60ZR17
ホンダ,GB350,348,14,35,104,520,130/70-18
ホンダ,GB350C,348,14,35,104,520,130/70-18
ホンダ,GB350S,348,14,35,104,520,150/70R17
ホンダ,NX400,399,15,45,114,520,160/60R17
ホンダ,400X,399,15,45,114,520,160/60R17
ホンダ,400X ABS,399,15,45,114,520,160/60ZR17
ホンダ,BROS PRODUCT TWO Semi-Upハンドル,398,16,44,112,525,150/60R18
ホンダ,BROS PRODUCT TWO Low-Positionハンドル,398,16,44,112,525,150/60R18
ホンダ,BROS PRODUCT TWO,398,16,44,112,525,150/70-17
ホンダ,CB-1,399,15,39,104,525,140/70-17
ホンダ,CB-1 TypeⅡ,399,15,39,104,525,140/70-17
ホンダ,CB400 SUPER BOL D'OR,399,15,44,108,525,160/60ZR17
ホンダ,CB400 SUPER BOL D'OR ABS E Package,399,15,44,108,525,160/60ZR17
ホンダ,CB400 SUPER BOL D'OR ABS,399,15,44,108,525,160/60ZR17
ホンダ,CB400 SUPER BOL D'OR ABS Special Edition,399,15,44,108,525,160/60ZR17
ホンダ,CB400 SUPER BOL D'OR Special Edition,399,15,44,108,525,160/60ZR17
ホンダ,CB400 SUPER BOL D'OR 限定カラー,399,15,44,108,525,160/60ZR17
ホンダ,CB400 SUPER FOUR HYPER VTEC Revo,399,15,44,108,525,160/60ZR17
ホンダ,CB400 SUPER FOUR HYPER VTEC Revo ABS,399,15,44,108,525,160/60ZR17
ホンダ,CB400 SUPER FOUR HYPER VTEC Revo Special Edition,399,15,44,108,525,160/60ZR17
ホンダ,CB400 SUPER FOUR HYPER VTEC Revo ABS E Package,399,15,44,108,525,160/60ZR17
ホンダ,CB400 SUPER FOUR HYPER VTEC Revo ABS Special Edition,399,15,44,108,525,160/60ZR17
ホンダ,CB400 SUPER FOUR HYPER VTEC Revo 限定カラー,399,15,44,108,525,160/60ZR17
ホンダ,CB400 SUPER FOUR HYPER VTEC Ⅲ,399,15,44,108,525,160/60ZR17
ホンダ,CB400 SUPER FOUR HYPER VTEC Ⅱ,399,15,45,108,525,160/60ZR17
ホンダ,CB400 SUPER FOUR HYPER VTEC,399,15,44,108,525,160/60ZR17
ホンダ,CB400 SUPER FOUR VERSION S 50th Anniversary Special,399,15,45,112,525,140/70-17
ホンダ,CB400 SUPER FOUR VERSION S,399,15,45,112,525,140/70-17
ホンダ,CB400 SUPER FOUR,399,15,42,110,525,140/70-17
ホンダ,CB400 SUPER FOUR VERSION R,399,15,45,112,525,140/70-17
ホンダ,CB400F ABS,399,15,45,114,520,160/60R17
ホンダ,CB400F,399,15,45,114,520,160/60R17
ホンダ,CB400FOUR,399,15,42,110,525,140/70-17
ホンダ,CB400FOUR Type 2,398,17,38,96,530,3.50-18
ホンダ,CB400FOUR Type 1,398,17,38,96,530,3.50-18
ホンダ,CB400SS Special Edition,397,15,35,104,520,110/90-18
ホンダ,CB400SS,397,15,35,104,520,110/90-18
ホンダ,CB400SS UrbanCafe,397,15,35,104,520,110/90-18
ホンダ,CBR400F,399,15,47,106,525,110/90-18
ホンダ,CBR400F ENDURANCE,399,15,47,106,525,110/90-18
ホンダ,CBR400F FORMULA 3,399,15,47,106,525,110/90-18
ホンダ,CBR400RR,399,15,39,102,525,150/60R17
ホンダ,CBX400F,399,15,45,104,520,4.10-18
ホンダ,CBX400F INTEGRA,399,15,45,104,520,4.10-18
ホンダ,CL400,397,14,36,104,520,110/90-18
ホンダ,CM400T,395,16,36,104,520,4.60-16
ホンダ,FT400,398,15,46,102,530,4.25-18
ホンダ,GB400 TOURIST TROPHY,399,14,39,108,525,110/90-18
ホンダ,GB400 T.T. Special Edition,399,14,39,108,525,110/90-18
ホンダ,GB400 TOURIST TROPHY Mk2,399,14,39,108,525,110/90-18
ホンダ,HAWK CB400T ホンダマチック付,395,17,36,100,530,4.10-18
ホンダ,HAWKⅡ CB400T,395,16,37,100,530,4.10-18
ホンダ,HAWKⅢ CB400N,395,17,36,100,530,4.10-18
ホンダ,NS400R,387,16,40,108,530,110/90-17
ホンダ,REBEL 300,286,14,36,110,520,150/80-16
ホンダ,RVF,399,15,38,102,525,150/60R17
ホンダ,Shadow 400 Special Edition,398,16,43,124,520,170/80-15
ホンダ,Shadow 400,398,16,43,124,520,170/80-15
ホンダ,Shadow 400 Special,398,16,43,124,525,170/80-15
ホンダ,Shadow Slasher Deluxe,398,17,44,124,520,160/80-15
ホンダ,Shadow Slasher,398,17,44,124,520,160/80-15
ホンダ,Shadow Slasher プルバックハンドル仕様,398,16,44,124,520,160/80-15
ホンダ,STEED 400,398,16,44,120,525,170/80-15
ホンダ,STEED 400 VLX,398,16,44,120,525,170/80-15
ホンダ,STEED 400 VLS,398,16,44,120,525,170/80-15
ホンダ,STEED 400 VSE,398,16,45,120,525,170/80-15
ホンダ,STEED 400 VCL,398,16,45,120,525,170/80-15
ホンダ,STEED 400 フラットバータイプ,398,16,45,120,525,170/80-15
ホンダ,TRANSALP 400V,398,15,43,116,525,130/80-17
ホンダ,VF400F,399,15,45,108,525,110/90-18
ホンダ,VF400F INTEGRA,399,15,45,108,525,110/90-18
ホンダ,VFR400R Endurance Special Color,399,15,40,104,525,150/60R18
ホンダ,VFR400R,399,15,40,104,525,150/60R18
ホンダ,VFR400R Rothmans Honda Team Color,399,15,45,106,525,130/70-18
ホンダ,VFR400R Special Edition,399,15,45,106,525,130/70-18
ホンダ,VFR400Z,399,15,45,106,525,130/70-18
ホンダ,VRX Roadster,398,16,44,114,525,140/80-17
ホンダ,VT400S,398,16,42,114,520,150/80B16
ホンダ,XR400MOTARD,397,15,37,106,520,140/70R17
ホンダ,CB650R E-Clutch,648,15,42,118,525,180/55ZR17
ホンダ,CB650R,649,15,42,118,525,180/55ZR17
ホンダ,CB750 HORNET E-Clutch,754,16,45,114,520,160/60ZR17
ホンダ,CB750 HORNET,754,16,45,114,520,160/60ZR17
ホンダ,CBR600RR,599,16,41,112,525,180/55ZR17
ホンダ,CBR600RR Special Edition,599,16,40,112,530,180/55ZR17
ホンダ,CBR600RR ABS Special Edition,599,16,40,112,530,180/55ZR17
ホンダ,CBR600RR ABS,599,16,40,112,530,180/55ZR17
ホンダ,CBR650R E-Clutch,648,15,42,118,525,180/55ZR17
ホンダ,CBR650R,648,15,42,118,525,180/55ZR17
ホンダ,CL500,471,15,41,112,520,150/70R17
ホンダ,CRF450R,,13,49,114,520,120/80-19
ホンダ,CRF450RX,,13,50,114,520,120/90-18
ホンダ,NC750X Dual Clutch Transmission,745,17,39,112,520,160/60ZR17
ホンダ,NC750X,745,17,43,114,520,160/60ZR17
ホンダ,NC750X Dual Clutch Transmission ABS E Package,745,17,39,112,520,160/60ZR17
ホンダ,NC750X ABS E Package,745,17,43,114,520,160/60ZR17
ホンダ,NC750X Type LD Dual Clutch Transmission ABS E Package,745,17,39,112,520,160/60ZR17
ホンダ,NC750X Type LD Dual Clutch Transmission ABS,745,17,39,112,520,160/60ZR17
ホンダ,NC750X Type LD ABS,745,17,43,114,520,160/60ZR17
ホンダ,NC750X Type LD,745,17,43,114,520,160/60ZR17
ホンダ,NC750X Dual Clutch Transmission ABS,745,17,39,112,520,160/60ZR17
ホンダ,NC750X ABS,745,17,43,114,520,160/60ZR17
ホンダ,REBEL 500,471,15,40,112,520,150/80-16
ホンダ,X-ADV,745,17,38,118,520,160/60R15
ホンダ,XL750 TRANSALP E-Clutch,754,16,45,126,520,150/70R18
ホンダ,XL750 TRANSALP,754,16,45,126,520,150/70R18
ホンダ,AFRICA TWIN,742,16,43,124,525,140/80R17
ホンダ,BROS PRODUCT ONE Semi-Upハンドル,647,16,43,112,525,150/60R18
ホンダ,BROS PRODUCT ONE Low-Positionハンドル,647,16,43,112,525,150/60R18
ホンダ,BROS PRODUCT ONE,647,16,43,112,525,150/70-17
ホンダ,CB500 HORNET E-Clutch,471,15,41,112,520,160/60ZR17
ホンダ,CB500 HORNET,471,15,41,112,520,160/60ZR17
ホンダ,CB500F,471,15,41,112,520,160/60ZR17
ホンダ,CB500X,471,15,41,112,520,160/60R17
ホンダ,CB550 FOUR-K,544,17,37,102,530,3.75-18
ホンダ,CB650,626,16,40,102,530,3.75-18
ホンダ,CB650 CUSTOM,626,16,39,102,530,130/90-16
ホンダ,CB650F,648,15,42,118,525,180/55ZR17
ホンダ,CB750 Special,747,15,39,112,525,150/70ZR17
ホンダ,CB750,747,15,39,112,525,150/70ZR17
ホンダ,CB750 Special Edition,747,15,39,112,525,150/70ZR17
ホンダ,CB750F,748,18,43,106,530,130/80-18
ホンダ,CB750F INTEGRA,748,18,43,108,530,130/80-18
ホンダ,CBF600S ABS,,16,42,124,525,160/60ZR17
ホンダ,CBF600S,,16,42,124,525,160/60ZR17
ホンダ,CBR500R E-Clutch,471,15,41,112,520,160/60ZR17
ホンダ,CBR500R,471,15,41,112,520,160/60ZR17
ホンダ,CBR600F,599,16,43,108,525,180/55ZR17
ホンダ,CBR600F4i,599,16,43,108,525,180/55ZR17
ホンダ,CBR650F,648,15,42,118,525,180/55ZR17
ホンダ,CBR650F 特別カラー,648,15,42,118,525,180/55ZR17
ホンダ,CBR750 SUPER AERO,748,16,45,116,530,140/70-18
ホンダ,CRF450L,449,13,51,116,520,120/80-18
ホンダ,CTX700 Dual Clutch Transmission,669,16,39,112,520,160/60R17
ホンダ,CTX700,669,16,43,114,520,160/60R17
ホンダ,CTX700N Dual Clutch Transmission,669,16,39,112,520,160/60R17
ホンダ,CTX700N,669,16,43,114,520,160/60R17
ホンダ,DREAM CB750 FOUR,736,18,48,102,530,3.25-17
ホンダ,EARA,736,16,45,116,530,4.50-17
ホンダ,FORZA750,745,17,38,118,520,160/60R15
ホンダ,FT500,497,15,40,100,530,4.25-18
ホンダ,GB500 TOURIST TROPHY,498,15,37,108,525,110/90-18
ホンダ,HORNET 600,599,15,40,110,525,180/55ZR17
ホンダ,HORNET S,599,15,40,110,525,180/55ZR17
ホンダ,INTEGRA S E Package,745,16,39,112,520,160/60ZR17
ホンダ,INTEGRA E Package,745,16,39,112,520,160/60ZR17
ホンダ,INTEGRA S,745,16,39,112,520,160/60ZR17
ホンダ,INTEGRA,745,16,39,112,520,160/60ZR17
ホンダ,INTEGRA Special Edition,669,17,39,112,525,160/60ZR17
ホンダ,NC700S Dual Clutch Transmission ABS,669,16,39,112,525,160/60ZR17
ホンダ,NC700S ABS,669,16,43,114,525,160/60ZR17
ホンダ,NC700S,669,16,43,114,525,160/60ZR17
ホンダ,NC700X Type LD Dual Clutch Transmission ABS,669,16,39,112,525,160/60ZR17
ホンダ,NC700X Type LD ABS,669,16,43,114,525,160/60ZR17
ホンダ,NC700X Type LD,669,16,43,114,525,160/60ZR17
ホンダ,NC700X Dual Clutch Transmission ABS,669,16,39,112,525,160/60ZR17
ホンダ,NC700X ABS,669,16,43,114,525,160/60ZR17
ホンダ,NC700X,669,16,43,114,525,160/60ZR17
ホンダ,NC750S Dual Clutch Transmission,745,17,39,112,520,160/60ZR17
ホンダ,NC750S,745,17,43,114,520,160/60ZR17
ホンダ,NC750S Dual Clutch Transmission ABS,745,17,39,112,520,160/60ZR17
ホンダ,NC750S ABS,745,17,43,114,520,160/60ZR17
ホンダ,NC750S Dual Clutch Transmission ABS E Package,745,17,39,112,520,160/60ZR17
ホンダ,NM4-01,745,17,39,112,520,200/50ZR17
ホンダ,NM4 Vultus,745,17,39,112,520,200/50ZR17
ホンダ,NM4-02,745,17,39,112,520,200/50ZR17
ホンダ,NR,747,16,40,108,525,180/55ZR17
ホンダ,NX500 E-Clutch,471,15,41,112,520,160/60R17
ホンダ,NX500,471,15,41,112,520,160/60R17
ホンダ,RVF/RC45,749,17,40,108,525,190/50ZR17
ホンダ,Shadow 750,745,17,41,122,525,170/80-15
ホンダ,Shadow Slasher 750,745,17,41,124,525,160/80-15
ホンダ,STEED 600,583,16,45,120,525,170/80-15
ホンダ,TRANSALP 600V,583,15,47,118,525,130/80-17
ホンダ,VFR750F,748,16,43,112,525,170/60R17
ホンダ,VFR750R,748,16,40,106,525,170/60R18
ホンダ,VT750S,745,17,38,112,525,150/80B16
ホンダ,XL600R Pharaoh,591,15,40,106,520,5.10-17
ホンダ,CB1000 HORNET SP,999,15,45,120,525,180/55ZR17
ホンダ,CB1000 HORNET,999,15,45,120,525,180/55ZR17
ホンダ,CBR1000RR-R SP,999,16,40,118,525,200/55ZR17
ホンダ,CBR1000RR-R,999,16,40,118,525,200/55ZR17
ホンダ,CB1000 SUPER FOUR,998,17,43,116,525,170/60R18
ホンダ,CB1000 SUPER FOUR T2,998,17,43,116,525,170/60R18
ホンダ,CB1000GT,,15,45,122,525,180/55ZR17
ホンダ,CB1000R Black Edotion,998,15,44,116,525,190/55ZR17
ホンダ,CB1000R,998,15,44,116,525,190/55ZR17
ホンダ,CB1000R ABS,998,16,44,116,530,180/55ZR17
ホンダ,CB900 HORNET,918,16,40,112,525,180/55ZR17
ホンダ,CBF1000 ABS,998,16,43,120,530,160/60ZR17
ホンダ,CBF1000,998,16,43,120,530,160/60ZR17
ホンダ,CBR1000F,998,17,41,114,530,170/60R17
ホンダ,CBR1000RR SP,999,16,43,116,525,190/50ZR17
ホンダ,CBR1000RR,999,16,43,116,525,190/50ZR17
ホンダ,CBR1000RR SP2,999,16,43,116,525,190/50ZR17
ホンダ,CBR1000RR ABS,999,16,42,116,530,190/50ZR17
ホンダ,CBR1000RR SP Champion Special,999,16,42,116,530,190/50ZR17
ホンダ,CBR1000RR C-ABS,999,16,42,116,530,190/50ZR17
ホンダ,CBR1000RR Special Edition,999,16,41,116,530,190/50ZR17
ホンダ,CBR1000RR ABS Special Edition,999,16,41,116,530,190/50ZR17
ホンダ,CBR1000RR Special,998,16,40,114,530,190/50ZR17
ホンダ,CBR929RR FireBlade,929,16,43,108,530,190/50ZR17
ホンダ,CBR954RR,954,16,41,108,530,190/50ZR17
ホンダ,CRF1000L Africa Twin DCT,998,16,42,124,525,150/70R18
ホンダ,CRF1000L Africa Twin,998,16,42,124,525,150/70R18
ホンダ,CRF1000L Africa Twin ABS,998,16,42,124,525,150/70R18
ホンダ,RVT1000R,999,16,40,106,530,190/50ZR17
ホンダ,VFR Special,781,16,43,110,530,180/55ZR17
ホンダ,VFR,781,16,43,110,530,180/55ZR17
ホンダ,VFR800F,781,16,43,110,525,180/55ZR17
ホンダ,VFR800X,781,16,43,110,525,180/55ZR17
ホンダ,Crossrunner,781,16,43,110,525,180/55R17
ホンダ,VFR800X MUGEN,781,16,43,110,530,180/55R17
ホンダ,Fire Storm,995,16,41,102,525,180/55ZR17
ホンダ,VTR1000SP-1,999,16,40,104,530,190/50ZR17
ホンダ,VTR1000SP-2,999,16,40,106,530,190/50ZR17
ホンダ,XL1000V Varadero ABS,996,16,47,112,525,150/70R17
ホンダ,XL1000V Varadero,996,16,47,112,525,150/70R17
ホンダ,CB1300 SUPER BOL D'OR SP Final Edition,1284,18,40,116,530,180/55ZR17
ホンダ,CB1300 SUPER BOL D'OR Final Edition,1284,18,40,116,530,180/55ZR17
ホンダ,CB1300 SUPER BOL D'OR SP,1284,18,40,116,530,180/55ZR17
ホンダ,CB1300 SUPER BOL D'OR,1284,18,40,116,530,180/55ZR17
ホンダ,CB1300 SUPER BOL D’OR SP 30th Anniversary,1284,18,40,116,530,180/55ZR17
ホンダ,CB1300 SUPER BOL D'OR E Package Special Edition,1284,18,40,116,530,180/55ZR17
ホンダ,CB1300 SUPER BOL D'OR E Package,1284,18,40,116,530,180/55ZR17
ホンダ,CB1300 SUPER BOL D'OR ABS Special Edition,1284,18,39,114,530,180/55ZR17
ホンダ,CB1300 SUPER BOL D'OR ABS,1284,18,39,114,530,180/55ZR17
ホンダ,CB1300 SUPER BOL D'OR ABS Special,1284,18,39,114,530,180/55ZR17
ホンダ,CB1300 SUPER FOUR SP Final Edition,1284,18,40,116,530,180/55ZR17
ホンダ,CB1300 SUPER FOUR Final Edition,1284,18,40,116,530,180/55ZR17
ホンダ,CB1300 SUPER FOUR SP,1284,18,40,116,530,180/55ZR17
ホンダ,CB1300 SUPER FOUR,1284,18,40,116,530,180/55ZR17
ホンダ,CB1300 SUPER FOUR SP 30th Anniversary,1284,18,40,116,530,180/55ZR17
ホンダ,CB1300 SUPER FOUR E Package Special Edition,1284,18,40,116,530,180/55ZR17
ホンダ,CB1300 SUPER FOUR E Package,1284,18,40,116,530,180/55ZR17
ホンダ,CB1300 SUPER FOUR ABS Special Edition,1284,18,39,114,530,180/55ZR17
ホンダ,CB1300 SUPER FOUR ABS,1284,18,39,114,530,180/55ZR17
ホンダ,CRF1100L Africa Twin Adventure Sports ES DCT,1082,16,42,124,525,150/70R18
ホンダ,CRF1100L Africa Twin Adventure Sports ES,1082,16,42,124,525,150/70R18
ホンダ,NT1100,1082,16,40,122,525,180/55ZR17
ホンダ,REBEL 1100  DCT,1084,16,42,114,525,180/65B16
ホンダ,REBEL 1100,1084,16,42,114,525,180/65B16
ホンダ,REBEL 1100 S Edition DCT,1084,16,42,114,525,180/65B16
ホンダ,CMX1100 Rebel SE,1084,16,42,114,525,180/65B16
ホンダ,REBEL 1100T  DCT,1084,16,42,114,525,180/65B16
ホンダ,REBEL 1100T,1084,16,42,114,525,180/65B16
ホンダ,CB1100,1140,18,40,110,530,140/70R18
ホンダ,CB1100 E Package,1140,18,40,110,530,140/70R18
ホンダ,CB1100 ABS Special Edition,1140,18,40,110,530,140/70R18
ホンダ,CB1100 BLACK STYLE ABS,1140,18,40,110,530,140/70R18
ホンダ,CB1100 BLACK STYLE,1140,18,40,110,530,140/70R18
ホンダ,CB1100 ABS,1140,18,40,110,530,140/70R18
ホンダ,CB1100 Type 1 ABS Special Edition,1140,18,39,110,530,140/70R18
ホンダ,CB1100 Type 2 ABS,1140,18,39,110,530,140/70R18
ホンダ,CB1100 Type 2,1140,18,39,110,530,140/70R18
ホンダ,CB1100 Type 1 ABS,1140,18,39,110,530,140/70R18
ホンダ,CB1100 Type 1,1140,18,39,110,530,140/70R18
ホンダ,CB1100EX Final Edition,1140,18,40,110,530,140/70R18
ホンダ,CB1100EX,1140,18,40,110,530,140/70R18
ホンダ,CB1100EX Type 2,1140,18,40,110,530,140/70R18
ホンダ,CB1100EX Type 1,1140,18,40,110,530,140/70R18
ホンダ,CB1100EX ABS Special Edition,1140,18,40,110,530,140/70R18
ホンダ,CB1100EX ABS 特別仕様,1140,18,40,110,530,140/70R18
ホンダ,CB1100EX ABS E Package,1140,18,40,110,530,140/70R18
ホンダ,CB1100EX ABS,1140,18,40,110,530,140/70R18
ホンダ,CB1100RS Final Edition,1140,18,40,110,530,180/55ZR17
ホンダ,CB1100RS,1140,18,40,110,530,180/55ZR17
ホンダ,CB1300 SUPER TOURING,1284,18,39,114,530,180/55ZR17
ホンダ,CB1300 SUPER TOURING Special Edition,1284,18,39,114,530,180/55ZR17
ホンダ,CBR1100XX,1137,17,44,110,530,180/55ZR17
ホンダ,CRF1100L Africa Twin DCT,1082,16,42,124,525,150/70R18
ホンダ,CRF1100L Africa Twin,1082,16,42,124,525,150/70R18
ホンダ,CRF1100L Africa Twin Adventure Sports ES s,1082,16,42,124,525,150/70R18
ホンダ,CRF1100L Africa Twin Adventure Sports ES DCT s,1082,16,42,124,525,150/70R18
ホンダ,CRF1100L Africa Twin s,1082,16,42,124,525,150/70R18
ホンダ,CRF1100L Africa Twin DCT s,1082,16,42,124,525,150/70R18
ホンダ,HAWK 11,1082,17,42,122,525,180/55ZR17
ホンダ,X11,1137,17,42,110,530,180/55ZR17
ホンダ,X4 Type LD,1284,18,41,122,530,190/60ZR17
ホンダ,X4,1284,18,41,122,530,190/60ZR17
